{
    "rm_battle": {
        "dev_notes": "This is a blank room for the encounters in the game."
    },
    "rm_clock_building": {
        "dev_notes": "A silhouette of a building with a clock.’",
        "free_move": true,
        "lines": [
            {
                "if_false": "read_clock_building_intro",
                "lines": [
                    { "text": "Where am I?" },
                    { "text": "The building over there, that clock."},
                    { 
                        "text": "It gives me the feeling of impending doom.",
                        "set_true": "read_clock_building_intro"
                    }
                ]
            }
        ],
        "interactables": {
            "obj_clock_building": {
                "lines": "noone",
                "is_shadow": true,
                "layer": "InstancesBackground"
            },

            "obj_clock_building_friends": {
                "lines": [
                    {
                        "if_false": "met_friends",
                        "lines": [
                            {"text": "There's a group of people here all around my age."},
                            {
                                "text": "One of them is waving me over.",
                                "goto": "rm_meet_friends"
                            }
                        ]
                    }
                ],
                "layer": "Instances",
                "is_shadow": true
            },

            "obj_mom_car": {
                "lines": [
                    { 
                        "text": "That's my mom's car.  I haven't seen the thing in twenty years."
                    },
                    {"text": "Can't have a mom's car without a mom."},
                    {"text": "While driving she'd talk to me, but I was too busy reading The Shadow."},
                    {"text": "I... I..."},
                    {
                        "text": "I still have that book.",
                        "gain_memory": ["obj_mom_car", 25],
                        "shadow_off": "obj_mom_car",
                        "set_false": "mom_car_is_shadow"
                    }
                ],
                "layer": "Instances",
                "is_shadow": true
            },

            "obj_heart_tree": {
                "lines": [
                    {"text": "There's an engraving here."},
                    {"text": "It's a heart, with my name and..."},
                    {"text": "and..."},
                    {"text": "..."},
                    {"text": "I don't recognize the second name."},
                    {
                        "text": "I think someone with the same name as me wrote this.",
                        "gain_memory": ["obj_heart_tree", 25],
                        "shadow_off": "obj_heart_tree"
                    }
                ],
                "layer": "Instances",
                "is_shadow": true
            },

            "obj_school_door": {
                "lines": [
                    {
                        "if_true": "can_enter_outside_door",
                        "lines": [
                            {"goto": "rm_prom"}
                        ]
                    }
                ],
                "layer": "Instances",
                "is_shadow": true
            }
        },

        "memory_check": {
            "memory_greater_than": 125,
            "lines": [
                {
                    "if_false": "school_revealed",
                    "lines": [
                        {
                            "text": "This is my old high school!",
                            "shadow_off": "obj_clock_building",
                            "set_true": "school_revealed"
                        },
                        { 
                            "text": "I better not be late, prom starts soon!",
                            "shadow_off": "obj_school_door",
                            "set_true": "can_enter_outside_door"
                        }
                    ]
                }

            ]
        }
    },

    "rm_meet_friends": {
        "free_move": false,
        "lines": [
            {
                "speaker": "Smiling Dude",
                "text": "Hey look who's here!"
            },
            {
                "speaker": "Group",
                "text": "\"Hi.\"  \"Hello.\"  \"You made it!\""
            },
            {
                "speaker": "Smiling Dude",
                "text": "Did you ask her out?"
            },
            {"text": "My mouth speaks by itself."},
            {"text": "\"Well, uh, I didn't.\""},
            {"text": "\"We've been friends for years, so I thought I didn't need to.\""},
            {
                "speaker": "Smiling Dude",
                "text": "Woah, that's risky."
            },
            {"text": "\"So, how about you guys?\""},
            {
                "speaker": "Smiling Dude",
                "text": "Call us Noah's Ark, because each of us has a dance partner and I bet you will to."
            },
            {"text": "That group..."},
            {
                "text": "I think I remember them.",
                "gain_memory": ["", 25],
                "set_true": "met_friends",
                "goto": "rm_clock_building"

            }
        ]
    },

    "rm_prom": {
        "dev_notes": "A dark room with people, colorful streamers, lights, and silver paper stars.",
        "free_move": true,
        "lines": [
            {"text": "Am I really here?"},
            {"text": "..."},
            {"text": "I think I'm supposed to meet someone."},
            {"text": "It's hard to see with the dim lights."}
        ],
        "interactables": {
            "obj_prom_girlfriend": {
                "lines": [
                    {"goto": "rm_meet_girlfriend_moment"}
                ],
                "layer": "Instances",
                "is_shadow": false
            }
        }
    },

    "rm_meet_girlfriend_moment": {
        "free_move": false,
        "lines": [
            {
                "speaker": "The Girl",
                "text": "Hi."
            },
            {
                "speaker": "The Girl",
                "text": "Do I know you?"
            },
            {"text": "I walk closer..."},
            {"text": "but slower..."},
            {"text": "with each..."},
            {"text": "step."},
            {"text": "Something about this encounter terrifies me."},
            {"text": "Is this fear..."},
            {"text": "or..."},
            {
                "text": "love.",
                "encounter": {
                    "hp" : 4,
                    "sequenceLength" : 5,
                    "momentSprite" : "spr_moment_girlfriend",
                    "momentShadowSprite" : "spr_moment_girlfriend_shadow",
                    "x" : 160,
                    "y" : 55,
                    "moveOnRoom" : "rm_girlfriend_move_on",
                    "rememberRoom" : "rm_girlfriend_remember",
                    "music" : "sng_forever"
                }
            }
        ]
    },

    "rm_girlfriend_move_on": {
        "background_sprite": "spr_meet_girlfriend_moment",
        "lines": [
            {"text": "\"I don't believe you know me.\""},
            {
                "text": "\"I'm sorry for taking your time.\"",
                "goto": "rm_return_to_friends"
            }
        ]
    },

    "rm_girlfriend_remember": {
        "free_move": false,
        "lines": [
            {"text": "I step into the kaleidoscopic light of the dance hall."},
            {"text": "\"It's me.  We've been friends since the seventh grade.\""},
            {"text": "\"Would you like to dance with me?  If you're free that is.\""},
            {
                "speaker": "The Girl",
                "text": "I'm so sorry, I didn't think you would come."
            },
            {
                "speaker": "The Girl",
                "text": "..."
            },
            {
                "speaker": "The Girl",
                "text": "I already have a dance..."
            },
            {"text": "\"Oh.\""},
            {
                "text": "I turn around and leave, wishing things could have been different as technicolor lights whirr over my head.",
                "goto": "rm_return_to_friends"
            }
        ]
    },

    "rm_return_to_friends": {
        "stop_music": true,
        "free_move": false,
        "lines": [
            {
                "speaker": "Smiling Dude",
                "text": "Hey!"
            },
            {
                "speaker": "Smiling Dude",
                "text": "How are you enjoying the dance so far?"
            },
            {"text": "\"I couldn't get a dance.\""},
            {"text": "\"I wish I could forget this day.\""},
            {
                "speaker": "Smiling Dude",
                "text": "Sorry to hear that."
            },
            {
                "speaker": "Smiling Dude",
                "text": "You know what?  Me and my friends are tired."
            },
            {
                "speaker": "Friends",
                "text": "\"Yes.\"  \"Yawn.\"  \"Wake me up for pizza.\""
            },
            {
                "speaker": "Smiling Dude",
                "text": "Dancing is slower and less fun than it seems."
            },
            {
                "speaker": "Smiling Dude",
                "text": "We were just about to head to Dennies.  Care to join us for a bite?"
            },
            {
                "choices": [
                    {
                        "text": "\"That sounds great.\"",
                        "lines": [
                            {
                                "text": "\"That sounds great.  I am kind of hungry.\"",
                                "goto": "rm_dennies"
                            }
                        ]
                    },
                    {
                        "text": "\"I just want to rest.\"",
                        "lines": [
                            {
                                "text": "\"I just want to rest.  I'll be going home now.\"",
                                "goto": "rm_back_to_mom_car"
                            }
                        ]
                    }
                ]
            }
        ]
    },

    "rm_back_to_mom_car": {
        "free_move": false,
        "lines": [
            {"text": "The walk back to mom's car seemed to take forever."},
            {"text": "When I got there, I picked up my copy of The Shadow and buried my face in it."},
            {"text": "My mom asked me how the evening went"},
            {"text": "I said..."},
            {
                "text": "\"Good.\"",
                "goto": "rm_good_ending"
            }
        ]
    },

    "rm_good_ending": {
        "free_move": false,
        "play_once": true
    },

    "rm_dennies": {
        "free_move": false,
        "background_sprite": "spr_dennies_shadow",
        "lines": [
            {"text": "\"Where are we?\""},
            {
                "speaker": "Smiling Dude",
                "text": "Dennies, remember?"
            },
            {
                "text": "\"Where are you guys taking me!?\"",
                "encounter": {
                    "hp" : 3,
                    "sequenceLength" : 9,
                    "momentSprite" : "spr_moment_dennies",
                    "momentShadowSprite" : "spr_moment_dennies_shadow",
                    "x" : 160,
                    "y" : 90,
                    "moveOnRoom" : "rm_dennies_move_on",
                    "rememberRoom" : "rm_dennies_remember",
                    "music" : "sng_hot_dog"
                }
            }
        ]
    },

    "rm_dennies_remember": {
        "stop_music": true,
        "free_move": false,
        "background_sprite": "spr_dennies_pork_and_beans",
        "lines": [
            {"text": "I remember eating here."},
            {
                "text": "I remember the food and my friends.",
                "goto": "rm_dennies_remember_2"
            }
        ]
    },

    "rm_dennies_remember_2": {
        "free_move": false,
        "background_sprite": "spr_stand_by_me",
        "lines": [
            {
                "text": "Those were the best times of my life.",
                "goto": "rm_remembrance_ending"
            }
        ]
    },

    "rm_remembrance_ending": {
        "free_move": false,
        "play_once": true
    },

    "rm_dennies_move_on": {
        "stop_music": true,
        "free_move": false,
        "background_sprite": "spr_dennies_pork_and_beans",
        "lines": [
            {"text": "\"Did I eat here?\""},
            {
                "speaker": "Smiling Dude",
                "text": "Did you eat here!?  Anymore eating and they would have to restock the fridge."
            },
            {"text": "\"I...\""},
            {"text": "\"don't remember.\""},
            {"text": "\"In fact, there isn't much I do remember.\""},
            {
                "speaker": "Smiling Dude",
                "text": "That's okay, we'll help you remember."
            },
            {
                "speaker": "Friends",
                "text": "\"Totally.\"  \"Let's go!\"  \"Alright.\"",
                "goto": "rm_move_on_together"
            }
        ]
    },

    "rm_move_on_together": {
        "free_move": false,
        "background_sprite": "spr_stand_by_me",
        "lines":  [
            {
                "text": "And so, my friends and I moved on, together, to recover my memories.",
                "goto": "rm_moved_on_together_ending"
            }
        ]
    },

    "rm_moved_on_together_ending": {
        "free_move": false,
        "play_once": true
    },

    "dev_notes": "What follows is text from the original clone.",

    "rm_bedroom": {
        "dev_notes": "Looking at a bedroom, containing all the interactables",
        "free_move": true,
        "interactables": {
            "obj_car": {
                "lines": [
                    { "text": "It's a car" }
                ]
            },
            "obj_apple": {
                "lines": [
                    {
                        "text": "It's an apple. I'm not hungry now but I'll save it for later.",
                        "set_true": "has_apple",
                        "dev_notes": "This should remove the apple from the room and reveal a key underneath."
                    },
                    {
                        "text": "Ah, there's a key underneath"
                    }
                ]
            },
            "obj_key": {
                "lines": [
                    {
                        "if_true": "has_apple",
                        "lines": [
                            {
                                "text": "Interesting... a key",
                                "set_true": "has_key"
                            }
                        ]

                    }
                ]
            },
            "obj_door": {
                "lines": [
                    {
                        "if_true": "has_key",
                        "lines": [
                            {
                                "text": "Let me open this door",
                                "goto": "rm_kitchen"
                            }
                        ]

                    },
                    {
                        "text": "Hmm... this door is locked"
                    }
                ]
            }
        }
    },
    "rm_kitchen": {
        "dev_notes": "Its a pretty normal kitchen, with a fridge in the center.",
        "free_move": true,
        "lines": [
            { "text": "Interesting, I appear to be in a kitchen, but there still isn't a way out." }
        ],
        "interactables": {
            "obj_door": {
                "lines": [
                    {
                        "if_true": "met_voice",
                        "lines": [
                            { "text": "There isn't any food back there" }
                        ]
                    },
                    {
                        "if_false": "met_voice",
                        "text": "There's no need to go back there."
                    }
                ]
            },
            "obj_wooden_fish": {
                "lines": [
                    { "text": "Hmm... a wooden fish. I wonder who carved it?" }
                ]
            },
            "obj_plastic_fish": {
                "dev_notes": "This fish looks like a Swedish Fish",
                "lines": [
                    { "text": "This fish is plastic, or at least that's what it wants you to think" },
                    {
                        "if_true": "met_voice",
                        "lines": [
                            {
                                "text": "Do you think the voice could tell its not edible?"
                            }
                        ]
                    }
                ]
            },
            "obj_singing_fish": {
                "lines": [
                    {
                        "speaker": "Singing Fish",
                        "text": "I drove my truck, into the lake, and then I turned, into a fish."
                    },
                    {
                        "text": "I can't tell if it's mechanical or magical, but either way its not edible."
                    }
                ]
            },
            "obj_fish": {
                "lines": [
                    { "text": "A fish, a fishy fish." },
                    {
                        "if_true": "met_voice",
                        "lines": [
                            {
                                "text": "I will take this fish in case the voice in the fridge likes fish",
                                "set_true": "has_fish"
                            }
                        ]
                    }
                ]
            },
            "obj_fridge": {
                "lines": [
                    {
                        "if_false": "met_voice",
                        "lines": [
                            { "text": "A fridge? I wonder if it has any food in it" },
                            { "text": "*Rumble*" },
                            {
                                "speaker": "Voice in Fridge",
                                "text": "Who wants to enter my fridge?"
                            },
                            {
                                "choices": [
                                    { "text": "I am, I guess?" },
                                    { "text": "Nobody" }
                                ]
                            },
                            {
                                "speaker": "Voice in Fridge",
                                "text": "If you want to enter the fridge, you must give me food",
                                "set_true": "met_voice"
                            }
                        ]
                    },
                    {
                        "if_true": "met_voice",
                        "lines": [
                            {
                                "speaker": "Voice in Fridge",
                                "text": "Do you have any food for me?"
                            },
                            {
                                "choices": [
                                    {
                                        "if_true": "has_fish",
                                        "text": "I have a smelly fish.",
                                        "lines": [
                                            {
                                                "speaker": "Voice in Fridge",
                                                "text": "Ah, lovely. Please come in.",
                                                "goto": "rm_voice_happy"
                                            }
                                        ]
                                    },
                                    {
                                        "if_true": "has_apple",
                                        "text": "I have an apple.",
                                        "lines": [
                                            {
                                                "speaker": "Voice in Fridge",
                                                "text": "Absolutely freakish, I am most displeased",
                                                "goto": "rm_voice_angry"
                                            }
                                        ]
                                    }
                                ]
                            }
                        ]
                    }

                ]
            }
        }

    },
    "rm_voice_happy": {
        "dev_notes": "Fridge opens to show an idyllic peaceful landscape and the player escapes to freedom",
        "free_move": false,
        "lines": [
            { "text": "Finally, I can get out of here and follow my true passion: cryptocurrency" },
            { "text": "Fin" }
        ]
    },
    "rm_voice_angry": {
        "dev_notes": "Fridge opens to show a large mouth that eats the player",
        "free_move": false,
        "lines": [
            {
                "speaker": "Voice in/out of Fridge",
                "text": "I am going to eat you now"
            },
            {
                "text": "Aaaaaah, I am being eaten"
            },
            { "text": "Fin" }

        ]

    }
}